id,channel_sales,cons_12m,cons_gas_12m,cons_last_month,date_activ,date_end,date_modif_prod,date_renewal,forecast_cons_12m,forecast_cons_year,forecast_discount_energy,forecast_meter_rent_12m,forecast_price_energy_off_peak,forecast_price_energy_peak,forecast_price_pow_off_peak,has_gas,imp_cons,margin_gross_pow_ele,margin_net_pow_ele,nb_prod_act,net_margin,num_years_antig,origin_up,pow_max,churn
24011ae4ebbe3035111d65fa7c15bc57,foosdfpfkusacimwkcsosbicdxkicaua,0,54946,0,15-06-2013,15-06-2016,01-11-2015,23-06-2015,0,0,0,1.78,0.114481,0.098142,40.606701,t,0,25.44,25.44,2,678.99,3,lxidpiddsbxsbosboudacockeimpuepw,43.648,1
d29c2c54acc38ff3c0614d0a653813dd,MISSING,4660,0,0,21-08-2009,30-08-2016,21-08-2009,31-08-2015,189.95,0,0,16.27,0.145711,0,44.31137796,f,0,16.38,16.38,1,18.89,6,kamkkxfxxuwbdslkwifmmcsiusiuosws,13.8,0
764c75f661154dac3a6c254cd082ea7d,foosdfpfkusacimwkcsosbicdxkicaua,544,0,0,16-04-2010,16-04-2016,16-04-2010,17-04-2015,47.96,0,0,38.72,0.165794,0.087899,44.31137796,f,0,28.6,28.6,1,6.6,6,kamkkxfxxuwbdslkwifmmcsiusiuosws,13.856,0
bba03439a292a1e166f80264c16191cb,lmkebamcaaclubfxadlmueccxoimlema,1584,0,0,30-03-2010,30-03-2016,30-03-2010,31-03-2015,240.04,0,0,19.83,0.146694,0,44.31137796,f,0,30.22,30.22,1,25.46,6,kamkkxfxxuwbdslkwifmmcsiusiuosws,13.2,0
149d57cf92fc41cf94415803a877cb4b,MISSING,4425,0,526,13-01-2010,07-03-2016,13-01-2010,09-03-2015,445.75,526,0,131.73,0.1169,0.100015,40.606701,f,52.32,44.91,44.91,1,47.98,6,kamkkxfxxuwbdslkwifmmcsiusiuosws,19.8,0
1aa498825382410b098937d65c4ec26d,usilxuppasemubllopkaafesmlibmsdf,8302,0,1998,09-12-2011,09-12-2016,01-11-2015,10-12-2015,796.94,1998,0,30.12,0.164775,0.086131,45.30837756,f,181.21,33.12,33.12,1,118.89,4,lxidpiddsbxsbosboudacockeimpuepw,13.2,1
7ab4bf4878d8f7661dfc20e9b8e18011,foosdfpfkusacimwkcsosbicdxkicaua,45097,0,0,02-12-2011,02-12-2016,02-12-2011,03-12-2015,8069.28,0,0,0,0.166178,0.087538,44.31137796,f,0,4.04,4.04,1,346.63,4,lxidpiddsbxsbosboudacockeimpuepw,15,1
01495c955be7ec5e7f3203406785aae0,foosdfpfkusacimwkcsosbicdxkicaua,29552,0,1260,21-04-2010,21-04-2016,21-04-2010,22-04-2015,864.73,751,0,144.49,0.115174,0.098837,40.606701,f,70.63,53.92,53.92,1,100.09,6,lxidpiddsbxsbosboudacockeimpuepw,26.4,0
f53a254b1115634330c12c7fdbf7958a,usilxuppasemubllopkaafesmlibmsdf,2962,0,0,23-09-2011,23-09-2016,23-09-2011,25-09-2015,444.38,0,0,15.85,0.145711,0,44.31137796,f,0,12.82,12.82,1,42.59,4,kamkkxfxxuwbdslkwifmmcsiusiuosws,13.2,0
10c1b2f97a2d2a6f10299dc213d1a370,lmkebamcaaclubfxadlmueccxoimlema,26064,0,2188,04-05-2010,04-05-2016,29-04-2015,05-05-2015,2738.1,2188,0,130.43,0.115761,0.099419,40.606701,f,219.59,33.42,33.42,1,329.6,6,lxidpiddsbxsbosboudacockeimpuepw,31.5,0
d5e512dbc8118a830a7b8c7f61d89992,usilxuppasemubllopkaafesmlibmsdf,10831,0,3112,11-07-2011,11-07-2016,11-07-2011,12-07-2015,1204.58,3112,0,20.94,0.164637,0.087381,44.31137796,f,349.48,14.52,14.52,1,108.5,5,kamkkxfxxuwbdslkwifmmcsiusiuosws,11.5,0
6ee77a019251bcc304c88167e0dfcb4c,foosdfpfkusacimwkcsosbicdxkicaua,4442,0,2489,26-11-2009,26-11-2016,26-11-2009,27-11-2015,561.96,2489,0,20.5,0.167086,0.088444,46.30537836,f,308.41,21.09,21.09,1,18.41,6,kamkkxfxxuwbdslkwifmmcsiusiuosws,10.392,0
2c05848e1a577dd041ea6804bbf5bbf5,foosdfpfkusacimwkcsosbicdxkicaua,46121,1542867,5280,01-09-2011,30-10-2016,30-10-2013,01-11-2015,4502.43,5280,0,145.81,0.115237,0.100123,40.606701,t,523.68,5.52,5.52,2,533.46,4,lxidpiddsbxsbosboudacockeimpuepw,16.5,0
21860c2ff2d5df75503b230ce629c253,foosdfpfkusacimwkcsosbicdxkicaua,7726,0,0,22-01-2013,22-01-2017,18-11-2015,24-01-2016,914.1,0,0,74.66,0.162327,0.084428,44.31137796,f,0,33.12,33.12,1,89.02,3,ldkssxwpmemidmecebumciepifcamkci,13.2,0
c5037389dd8be351d3c40f2973da2391,MISSING,9707,0,0,01-12-2010,01-12-2016,01-12-2010,02-12-2015,1028.52,0,0,15.37,0.168242,0.089602,45.30837756,f,0,15.78,15.78,1,111.59,5,kamkkxfxxuwbdslkwifmmcsiusiuosws,13.856,0
e4773b60d2e68aac94795782abfc006b,lmkebamcaaclubfxadlmueccxoimlema,47019,0,3161,20-04-2012,20-04-2016,20-04-2012,21-04-2015,1687.29,1080,0,16.08,0.144902,0,44.31137796,f,158.53,19.28,19.28,1,130.14,4,ldkssxwpmemidmecebumciepifcamkci,10.392,0
bd14bbac3aca710ee5288fcd8511d4bb,MISSING,786536,80583,85883,15-02-2010,15-02-2016,15-02-2010,16-02-2015,13517.5,23298,0,16.6,0.164058,0.086163,44.31137796,t,2585.38,25.68,25.68,2,1087.76,6,lxidpiddsbxsbosboudacockeimpuepw,11.4,0
4e4a34a6d91ff25d0fdf68733907ad44,foosdfpfkusacimwkcsosbicdxkicaua,30776,0,0,01-08-2011,25-07-2016,25-07-2014,27-07-2015,3045.16,0,0,118.24,0.11286,0.096521,40.606701,f,0,19.29,19.29,1,335.78,5,MISSING,25,0
f2b93783adecf0d0d8d60ab547bda3de,MISSING,24838,0,2877,27-05-2011,27-05-2016,27-05-2011,31-05-2015,1088.35,798,0,141.79,0.115174,0.098837,40.606701,f,79.36,21.57,21.57,1,117.44,5,ldkssxwpmemidmecebumciepifcamkci,15.001,0
47e976c5d7f1ee1fee6d60ca39fd0218,foosdfpfkusacimwkcsosbicdxkicaua,15411,0,0,28-05-2012,28-05-2016,28-05-2012,31-05-2015,194.42,0,0,18.31,0.145711,0,44.31137796,f,0,23.97,23.97,1,19.07,4,lxidpiddsbxsbosboudacockeimpuepw,13,0
db6ac41fb6972374f28bc6f8e43b9764,foosdfpfkusacimwkcsosbicdxkicaua,16782,0,1908,01-10-2009,01-10-2016,01-10-2009,03-10-2015,1686.67,1908,0,131.77,0.115237,0.100123,40.606701,t,189.79,6.6,6.6,2,203.35,6,kamkkxfxxuwbdslkwifmmcsiusiuosws,19.8,0
bee0c7e972180fbee50c2ea15b12965c,foosdfpfkusacimwkcsosbicdxkicaua,26987,0,4099,04-03-2011,04-03-2016,04-03-2011,09-03-2015,2761.95,4099,0,129.95,0.118636,0.10175,40.606701,f,413.68,47.35,47.35,1,316.53,5,lxidpiddsbxsbosboudacockeimpuepw,35,0
78014630fbac3e6aa980361d25cea748,usilxuppasemubllopkaafesmlibmsdf,20560,0,3804,31-12-2012,31-12-2016,01-11-2015,01-01-2016,3037.82,3804,0,0,0.142417,0,44.31137796,f,548.89,4.14,4.14,1,255.96,3,lxidpiddsbxsbosboudacockeimpuepw,11,0
5789c446141a44a9b405db35682f6eb5,foosdfpfkusacimwkcsosbicdxkicaua,12157,0,0,27-02-2013,27-02-2016,16-12-2015,09-03-2015,1418.81,0,0,16.42,0.160302,0.082403,44.31137796,f,0,23.4,23.4,2,123.87,3,kamkkxfxxuwbdslkwifmmcsiusiuosws,10.392,0
ed5bc499fecb8eee257857fd286ebd65,MISSING,13122,0,0,07-12-2009,07-12-2016,01-11-2015,08-12-2015,1932.42,0,0,19.51,0.143478,0,44.31137796,f,0,3.56,3.56,1,150.7,6,kamkkxfxxuwbdslkwifmmcsiusiuosws,13.2,0
389bbbe70248fbeecdf9bb1bd0d1da04,foosdfpfkusacimwkcsosbicdxkicaua,3584,0,322,17-11-2010,17-11-2016,17-11-2010,18-11-2015,379.83,322,0,145.98,0.115237,0.100123,41.1052014,f,32.61,57.72,57.72,1,38.76,5,lxidpiddsbxsbosboudacockeimpuepw,23.1,1
31615bef53242dfedeaf275214044ca1,MISSING,2632,0,0,12-07-2010,12-07-2016,12-07-2010,14-07-2015,394.83,0,0,15.98,0.145711,0,44.31137796,f,0,14.64,14.64,1,38.62,6,ldkssxwpmemidmecebumciepifcamkci,10.392,0
74ff037708f036de5745ce34d8d9d4df,foosdfpfkusacimwkcsosbicdxkicaua,4792,0,0,12-12-2011,12-12-2016,01-11-2015,14-12-2015,719.4,0,0,0,0.144039,0,45.80687796,f,0,19.42,19.42,1,60,4,lxidpiddsbxsbosboudacockeimpuepw,12.5,0
7287dad2f1f535d03435ea7c78b557c4,MISSING,7950,0,1100,01-10-2009,01-10-2016,01-10-2009,02-10-2015,856.81,1100,0,132.16,0.115237,0.100123,40.9390266,f,113.82,20,20,1,94.01,6,kamkkxfxxuwbdslkwifmmcsiusiuosws,15.01,0
26c7bba7d51f86a16109de505bcd4f52,lmkebamcaaclubfxadlmueccxoimlema,1856956,41883,164355,20-09-2010,20-09-2016,20-09-2010,23-09-2015,3074.16,0,0,99.05,0.115237,0.100123,40.606701,t,0,43.44,43.44,2,487.42,5,ldkssxwpmemidmecebumciepifcamkci,29,0
44e826a55734d0ca5eeafcae0e991a75,foosdfpfkusacimwkcsosbicdxkicaua,324,0,0,07-07-2009,07-07-2016,23-05-2015,09-07-2015,8.32,0,0,1.08,0.14317,0,44.31137796,f,0,18.62,18.62,2,1.27,7,ldkssxwpmemidmecebumciepifcamkci,13.2,1
4bffd9d74bfb770ef7763e8e4e88dfc3,usilxuppasemubllopkaafesmlibmsdf,2103,0,0,14-12-2011,06-08-2016,06-08-2015,05-01-2015,355.17,0,30,19.6,0.198096,0,46.30537836,f,0,27.96,27.96,2,19,4,kamkkxfxxuwbdslkwifmmcsiusiuosws,10.392,0
2d9d0546d83c60ed3d5728d744d65c40,usilxuppasemubllopkaafesmlibmsdf,19593,0,0,03-07-2012,03-07-2016,31-10-2013,04-07-2015,2886.5,0,0,17.55,0.143166,0,44.31137796,f,0,17.45,17.45,1,243.99,4,lxidpiddsbxsbosboudacockeimpuepw,13.856,0
79d29481ee261caf08387bcef9e4346d,usilxuppasemubllopkaafesmlibmsdf,41814,0,4159,10-10-2012,10-10-2016,26-06-2014,11-10-2015,4107.43,4159,0,129.97,0.116509,0.101397,40.606701,f,412.54,10.16,10.16,1,477.42,3,lxidpiddsbxsbosboudacockeimpuepw,30.45,0
044d071a5dbc2668cddad4f2b28c91d1,MISSING,37969,0,3407,28-03-2005,28-03-2016,09-03-2015,29-03-2015,3879.98,3407,0,130.68,0.114604,0.098262,40.606701,f,330.3,44.64,44.64,1,407.98,11,ldkssxwpmemidmecebumciepifcamkci,33,0
af87b64523cf1f4f4a681e2cc44c8629,foosdfpfkusacimwkcsosbicdxkicaua,41214,0,3538,04-11-2011,04-11-2016,01-11-2015,05-11-2015,4294.49,3538,0,146.56,0.11536,0.100243,40.606701,f,352.08,3.72,3.72,1,505.47,4,lxidpiddsbxsbosboudacockeimpuepw,19.8,0
9403f3f9ff06ec9e49db8255ede2b098,lmkebamcaaclubfxadlmueccxoimlema,2012791,0,218619,22-06-2011,22-06-2016,22-06-2011,23-06-2015,547.35,346,0,16.12,0.144902,0,44.31137796,f,50.79,21.52,21.52,1,50.38,5,kamkkxfxxuwbdslkwifmmcsiusiuosws,13.2,0
51a7edcf29ed04830da6b3ee79f9e508,lmkebamcaaclubfxadlmueccxoimlema,20429,0,0,12-03-2010,12-03-2016,12-03-2010,13-03-2015,869.54,0,0,120.45,0.120372,0.103487,40.606701,f,0,60.39,60.39,1,111.64,6,kamkkxfxxuwbdslkwifmmcsiusiuosws,26.6,0
d9260de11c54a215fa7363f603bbeaf6,foosdfpfkusacimwkcsosbicdxkicaua,5957,0,794,08-06-2010,08-06-2016,08-06-2010,23-06-2015,510.87,315,0,18.47,0.145711,0,44.31137796,f,46.17,24.4,24.4,1,50.71,6,lxidpiddsbxsbosboudacockeimpuepw,15,0
a853b52e3992aa2df0870fe42d843a65,usilxuppasemubllopkaafesmlibmsdf,6047,0,0,23-11-2011,23-11-2016,23-11-2011,24-11-2015,913,0,0,19.54,0.147506,0,45.80687796,f,0,17.13,17.13,1,86.43,4,kamkkxfxxuwbdslkwifmmcsiusiuosws,10.392,0
91607f6e0ed7143ab1a5b2abc20f1c00,foosdfpfkusacimwkcsosbicdxkicaua,1938393,0,312684,01-09-2012,01-09-2016,01-09-2012,02-09-2015,3426.48,3537,0,51.6,0.143166,0,44.31137796,f,513.03,11.95,11.95,1,279.26,3,lxidpiddsbxsbosboudacockeimpuepw,13.85,0
757ea31873662fe77d60e8c4f736a1ec,foosdfpfkusacimwkcsosbicdxkicaua,9141,0,1592,01-03-2012,20-09-2016,20-09-2015,03-03-2014,419.22,523,0,16.32,0.142881,0,46.30537836,f,74.39,29.5,29.5,1,30.9,4,lxidpiddsbxsbosboudacockeimpuepw,13.856,0
d53f9011d82ed1f4850d0d312d04468b,ewpakwlliwisiwduibdlfmalxowmwpci,4259,0,0,25-06-2012,09-07-2016,09-07-2014,12-07-2015,632.17,0,0,16.74,0.144902,0,44.31137796,f,0,14.64,14.64,1,64.34,4,ldkssxwpmemidmecebumciepifcamkci,10.392,0
af47b8ea9a596c200ee39128a95738f9,lmkebamcaaclubfxadlmueccxoimlema,12199,0,0,10-01-2011,29-02-2016,10-01-2011,09-03-2015,1811.9,0,0,21.1,0.145877,0,44.31137796,f,0,23.4,23.4,1,156.21,5,ldkssxwpmemidmecebumciepifcamkci,10.392,0
f8943edfeb1783f3793d3abc6305c1e3,usilxuppasemubllopkaafesmlibmsdf,13859,0,0,15-03-2011,15-03-2016,15-03-2011,16-03-2015,8.83,0,0,18.26,0.146694,0,44.31137796,f,0,30.22,30.22,1,0.88,5,lxidpiddsbxsbosboudacockeimpuepw,13.2,0
adfec8a906dfa5c6d836231e65825539,foosdfpfkusacimwkcsosbicdxkicaua,110534,0,7546,04-04-2012,04-04-2016,04-04-2012,05-04-2015,3485.92,2797,0,131.87,0.11691,0.100572,40.606701,f,272.68,32.1,32.1,1,416.74,4,lxidpiddsbxsbosboudacockeimpuepw,26.61,0
34f2d4431b7db25cd660b098acf3d3a0,foosdfpfkusacimwkcsosbicdxkicaua,79090,0,3319,01-08-2009,01-08-2016,12-07-2015,02-08-2015,2690.38,2191,0,130.47,0.114025,0.097683,40.606701,f,201.4,12.36,12.36,1,311.76,6,ldkssxwpmemidmecebumciepifcamkci,19.8,0
cdcc2c363d5b34232082cee78776e59e,MISSING,5162,0,0,18-11-2010,18-11-2016,18-11-2010,21-11-2015,0,0,0,0,0.0006,0,0,f,0,24.33,24.33,1,80.3,5,lxidpiddsbxsbosboudacockeimpuepw,13.86,0
b96aa3a8655203318c6b853dbdb0ceb7,foosdfpfkusacimwkcsosbicdxkicaua,88178,0,6094,15-01-2010,14-02-2016,14-09-2013,16-02-2015,9070.33,6094,0,145.41,0.115744,0.098858,40.606701,f,611.08,32.88,32.88,1,719.37,6,lxidpiddsbxsbosboudacockeimpuepw,33,1
54a77b7ec412ca7133750d2cb2a24096,ewpakwlliwisiwduibdlfmalxowmwpci,22333,0,2237,17-11-2010,17-11-2016,24-05-2015,18-11-2015,2377.86,2237,0,143.04,0.115237,0.100123,40.606701,f,226.86,9.93,9.93,1,234.39,5,kamkkxfxxuwbdslkwifmmcsiusiuosws,52.5,0
0f7487e3c557be9c77570e11ce572454,foosdfpfkusacimwkcsosbicdxkicaua,31653,0,124,05-03-2011,05-03-2016,05-03-2011,06-03-2015,82.03,124,0,129.6,0.120372,0.103487,40.606701,f,12.19,108.9,108.9,1,10.32,5,lxidpiddsbxsbosboudacockeimpuepw,48,0
17e84c1bc19211777dfbb1cca8af94fc,foosdfpfkusacimwkcsosbicdxkicaua,463646,0,40551,22-06-2013,09-10-2016,09-10-2013,11-10-2015,2858.82,0,0,117.54,0.115237,0.100123,40.606701,f,0,11.04,11.04,1,372.55,3,lxidpiddsbxsbosboudacockeimpuepw,33,0
b664719a6cbb1966d9987c3f6ec6d209,foosdfpfkusacimwkcsosbicdxkicaua,10602,0,951,13-03-2012,13-03-2016,13-03-2012,16-03-2015,1122.03,951,0,129.61,0.120372,0.103487,40.606701,f,98.66,36.22,36.22,1,137.56,4,lxidpiddsbxsbosboudacockeimpuepw,20,0
d8e589d515b7c905bb73eece1d8781d8,foosdfpfkusacimwkcsosbicdxkicaua,21553,0,0,09-04-2013,09-04-2016,09-04-2013,12-04-2015,3213.49,0,0,16.09,0.144149,0,44.31137796,f,0,19.28,19.28,1,301.91,3,lxidpiddsbxsbosboudacockeimpuepw,10.392,1
a20ef5d293e20e3d9e9f60cf2be3ce63,MISSING,348859,0,53135,20-12-2010,20-12-2016,20-12-2010,21-12-2015,2767.31,2368,0,142.63,0.116509,0.101397,40.606701,f,218.34,4.46,4.46,1,364.43,5,ldkssxwpmemidmecebumciepifcamkci,100,0
413f4bf21686876dd0d9a2bf0cc5ba1f,foosdfpfkusacimwkcsosbicdxkicaua,7314,0,1542,28-05-2012,28-05-2016,28-05-2012,29-05-2015,1094.82,1542,0,18.32,0.145711,0,44.31137796,f,226.96,27.69,27.69,1,111.5,4,lxidpiddsbxsbosboudacockeimpuepw,15,0
3bd97d79feb083b315baa9545c76c84d,foosdfpfkusacimwkcsosbicdxkicaua,1129316,0,79977,17-12-2011,17-12-2016,17-12-2011,20-12-2015,1346.17,1174,0,129.24,0.116509,0.101397,40.606701,f,117.71,2.46,2.46,1,172.91,4,lxidpiddsbxsbosboudacockeimpuepw,19.72,1
cb5171895e4a15e2c72cbbd7cf054cbf,foosdfpfkusacimwkcsosbicdxkicaua,11399,0,1105,26-05-2011,01-04-2016,01-04-2014,02-04-2015,2158.81,1105,24,14.44,0.186188,0,45.80687796,f,206.39,37.56,37.56,1,864.94,5,lxidpiddsbxsbosboudacockeimpuepw,12.5,0
b50576e9fd15d9fa7e550be0f19fbf9e,foosdfpfkusacimwkcsosbicdxkicaua,162691,0,18860,06-01-2011,06-01-2017,06-01-2011,07-01-2016,7603.69,9069,0,130.68,0.115744,0.098858,40.606701,f,836.8,16.32,16.32,1,677.58,5,lxidpiddsbxsbosboudacockeimpuepw,16.4,0
063acc614e176cf9edb486d267a90097,MISSING,158223,188601,17754,10-04-2010,10-04-2016,16-09-2013,12-04-2015,5658.04,9471,0,129.26,0.114481,0.098142,40.606701,t,940.24,35.81,35.81,3,580.06,6,lxidpiddsbxsbosboudacockeimpuepw,40,0
cd2ac5886d344c93b3a2358e4604e1fe,usilxuppasemubllopkaafesmlibmsdf,84410,186857,7891,02-12-2011,02-12-2016,17-11-2014,03-12-2015,3166.13,3007,0,132.13,0.116509,0.101397,40.606701,t,302.49,0.8,0.8,4,396.63,4,kamkkxfxxuwbdslkwifmmcsiusiuosws,17.25,0
78b67084b27f0d33429985d7a1fd6258,lmkebamcaaclubfxadlmueccxoimlema,2887,0,0,08-01-2013,08-01-2017,08-01-2013,10-01-2016,436.45,0,0,14.91,0.146694,0,44.31137796,f,0,34.68,34.68,1,49,3,kamkkxfxxuwbdslkwifmmcsiusiuosws,13.856,0
ac9b40690cdc78263fecc452bd92c227,MISSING,8647,0,829,28-01-2010,28-01-2016,28-01-2010,30-01-2015,399.54,389,0,129.6,0.1169,0.100015,40.606701,f,37.53,51.96,51.96,1,45.47,6,lxidpiddsbxsbosboudacockeimpuepw,20.785,0
4d4a8d5a884e49e2a8f7994b21a3cb18,lmkebamcaaclubfxadlmueccxoimlema,10,0,0,09-06-2011,09-06-2016,09-06-2011,21-06-2015,1.52,0,0,6.67,0.145711,0,44.31137796,f,0,21.52,21.52,1,0.16,5,kamkkxfxxuwbdslkwifmmcsiusiuosws,13.2,0
d26bcf1a3e3f6252b9812903f402dcf1,ewpakwlliwisiwduibdlfmalxowmwpci,5682,0,0,08-03-2011,08-03-2016,08-03-2011,09-03-2015,853.4,0,0,17.35,0.145884,0,44.31137796,f,0,23.76,23.76,1,82.52,5,ldkssxwpmemidmecebumciepifcamkci,10.392,0
d44fcb35df8f88e9032ad52678d060a3,foosdfpfkusacimwkcsosbicdxkicaua,1017579,187578,120936,14-06-2011,14-06-2016,14-06-2011,23-06-2015,100.27,125,0,146.81,0.115174,0.098837,40.606701,t,11.86,47,47,2,14.59,5,lxidpiddsbxsbosboudacockeimpuepw,29.7,0
327e887296aa77019b4954c6bb0a8cc3,foosdfpfkusacimwkcsosbicdxkicaua,16605,227049,2000,12-01-2010,09-02-2016,12-01-2010,11-02-2015,1694.72,2000,0,132.19,0.1169,0.100015,40.606701,t,200.09,24.72,24.72,2,183.25,6,kamkkxfxxuwbdslkwifmmcsiusiuosws,16.5,0
6f062ee9f3f8b2a404078abb4cd85510,lmkebamcaaclubfxadlmueccxoimlema,2502,0,0,11-06-2012,11-06-2016,11-06-2012,14-06-2015,375.75,0,0,19.51,0.145711,0,44.31137796,f,0,22.52,22.52,1,35.96,4,ldkssxwpmemidmecebumciepifcamkci,13.856,0
9cdfb70886ecb55f8a8620af8a99a722,foosdfpfkusacimwkcsosbicdxkicaua,92718,0,7895,09-09-2009,09-09-2016,09-09-2009,10-09-2015,8796.43,7895,0,145.77,0.113323,0.096984,40.606701,t,735.06,14.94,14.94,2,848.79,6,lxidpiddsbxsbosboudacockeimpuepw,55,0
d8711ce9aef0a42cf24b1e65da32fe3f,foosdfpfkusacimwkcsosbicdxkicaua,597,0,0,01-12-2009,01-12-2016,01-11-2015,02-12-2015,74.51,0,0,13.64,0.16304,0.084395,46.30537836,f,0,20.54,20.54,1,20.73,6,kamkkxfxxuwbdslkwifmmcsiusiuosws,10.392,0
215fcb61cd9905b5e605b292666975d9,foosdfpfkusacimwkcsosbicdxkicaua,64516,21201,3764,22-03-2013,22-03-2016,25-06-2014,23-03-2015,4766.96,3764,0,145.03,0.118636,0.10175,40.606701,t,376.57,22.44,22.44,2,530.16,3,ldkssxwpmemidmecebumciepifcamkci,15.001,1
33e5a46305e282aef856ef00fee02e2c,foosdfpfkusacimwkcsosbicdxkicaua,67923,14693,4898,14-09-2012,04-02-2016,04-02-2014,05-02-2015,6714.09,4898,0,147.79,0.112852,0.095965,40.606701,t,469.1,19.92,19.92,2,571.66,3,lxidpiddsbxsbosboudacockeimpuepw,20,0
270835591aad4b5231d23fb7bdcd3bcf,MISSING,6383,0,1116,21-01-2010,21-01-2017,16-11-2015,22-01-2016,958.79,1116,0,16.26,0.145541,0,44.31137796,f,163.87,34.68,34.68,1,101.81,6,kamkkxfxxuwbdslkwifmmcsiusiuosws,13.856,0
d766f436878bdf7c211ad1546e4357e9,usilxuppasemubllopkaafesmlibmsdf,7042,0,0,23-11-2011,23-11-2016,23-11-2011,24-11-2015,1058.3,0,0,19.49,0.147506,0,45.80687796,f,0,22.89,22.89,1,102.08,4,kamkkxfxxuwbdslkwifmmcsiusiuosws,13.856,0
38ff1f75487719c54ba3d4a46f9ee244,lmkebamcaaclubfxadlmueccxoimlema,19704,45795,1466,08-12-2010,08-12-2016,17-11-2014,09-12-2015,1991.63,1466,0,128.19,0.116509,0.101397,40.606701,t,147.9,60.84,60.84,3,66.87,5,lxidpiddsbxsbosboudacockeimpuepw,25,0
a29ad433a1585b364e5485ec55b6bbc3,MISSING,15803,0,0,01-01-2010,01-01-2017,01-01-2010,02-01-2016,461.63,0,0,16.48,0.145884,0,44.31137796,f,0,37.56,37.56,1,45.07,6,kamkkxfxxuwbdslkwifmmcsiusiuosws,15,0
be272db990d3604a49a54887dfa904f4,foosdfpfkusacimwkcsosbicdxkicaua,10930,0,3227,14-07-2009,14-07-2016,14-07-2009,15-07-2015,777.96,1578,0,16.68,0.165793,0.088539,44.31137796,f,217.04,14.57,14.57,1,59.82,7,ldkssxwpmemidmecebumciepifcamkci,10.35,0
6187a71186583ed2457d182b00b632c5,ewpakwlliwisiwduibdlfmalxowmwpci,15150,0,4700,16-03-2013,16-03-2016,16-03-2013,17-03-2015,1637.98,4700,0,10.37,0.164058,0.086163,44.31137796,f,494.42,29.76,29.76,1,134.5,3,lxidpiddsbxsbosboudacockeimpuepw,14.49,0
6ae7e4a3bdf96abb7783b342378ca5fc,MISSING,3251,0,0,15-09-2010,15-09-2016,15-09-2010,16-09-2015,487.33,0,0,16.44,0.145711,0,44.31137796,f,0,10.08,10.08,1,47.33,5,ldkssxwpmemidmecebumciepifcamkci,10.392,0
cfc1377e09c9866fae771bb4180f026a,ewpakwlliwisiwduibdlfmalxowmwpci,4077,0,668,09-07-2010,09-07-2016,23-05-2015,10-07-2015,601.62,668,0,16.89,0.142822,0,44.31137796,f,96.52,15.5,15.5,1,59.37,6,kamkkxfxxuwbdslkwifmmcsiusiuosws,11,0
d4a84ff4ec620151ef05bdef0cf27eab,MISSING,16163,0,1474,01-08-2009,01-08-2016,01-08-2009,02-08-2015,1739.46,1474,0,0,0.115174,0.098837,40.606701,f,155.19,12.9,12.9,1,181.75,6,kamkkxfxxuwbdslkwifmmcsiusiuosws,20.7,0
1d4a665170914d996d3fb78069495516,foosdfpfkusacimwkcsosbicdxkicaua,51558,0,0,24-10-2012,18-11-2016,18-11-2015,25-10-2015,3469.21,0,0,17.27,0.159815,0.081173,44.31137796,f,0,4.83,4.83,2,122.17,3,ldkssxwpmemidmecebumciepifcamkci,10.35,1
e91f386614c13becdf81cc47fadfa2a2,foosdfpfkusacimwkcsosbicdxkicaua,1750,0,64,13-03-2012,13-03-2016,13-03-2012,16-03-2015,176.01,64,0,127.81,0.120372,0.103487,40.606701,f,6.08,37.39,37.39,1,21.87,4,lxidpiddsbxsbosboudacockeimpuepw,16.5,0
b5159f09fc3592f49048683fb75629da,foosdfpfkusacimwkcsosbicdxkicaua,51774,0,4095,10-03-2012,10-03-2016,10-03-2012,11-03-2015,5282.47,4095,0,130.67,0.118636,0.10175,40.606701,f,406.53,23.66,23.66,1,544.49,4,lxidpiddsbxsbosboudacockeimpuepw,26.4,0
c0465e0147cc1faf14e8793a14c92cd2,foosdfpfkusacimwkcsosbicdxkicaua,38268,0,3598,04-09-2010,04-09-2016,27-08-2015,05-09-2015,2318.35,2495,0,167.76,0.114025,0.097683,40.606701,f,234.18,23.99,23.99,1,295.02,5,lxidpiddsbxsbosboudacockeimpuepw,50,0
3c52cd186c318638296ed093e9cdf412,foosdfpfkusacimwkcsosbicdxkicaua,84527,0,5925,04-04-2012,04-04-2016,15-04-2015,05-04-2015,3787.85,3230,0,129.61,0.115761,0.099419,40.606701,f,325.09,25.44,25.44,1,428.99,4,lxidpiddsbxsbosboudacockeimpuepw,21.04,1
0acfc92892cc39bb48fb3398a8cda11f,foosdfpfkusacimwkcsosbicdxkicaua,8345,0,0,30-06-2010,10-06-2016,10-06-2014,23-06-2015,1210.54,0,0,16.55,0.142065,0,44.31137796,f,0,27.52,27.52,1,112.04,6,lxidpiddsbxsbosboudacockeimpuepw,13.3,0
f1f24e9f048478c6d41fa05795b1d424,MISSING,1540,43,21,27-04-2010,27-04-2016,27-04-2010,28-04-2015,19.59,19,0,132.11,0.11691,0.100572,40.606701,t,1.83,42.48,42.48,2,2.43,6,ldkssxwpmemidmecebumciepifcamkci,17,1
471f25ae25f8c42dbfae0bc1e76c1cd3,foosdfpfkusacimwkcsosbicdxkicaua,1644,0,0,03-02-2012,27-02-2016,17-12-2015,09-03-2015,312.66,0,28,13.8,0.182936,0,47.80087836,f,0,48.6,48.6,1,27.83,4,lxidpiddsbxsbosboudacockeimpuepw,13.856,0
e0b40169a9075474ca8bddab6d490484,foosdfpfkusacimwkcsosbicdxkicaua,4527,0,0,12-04-2012,12-04-2016,09-03-2015,13-04-2015,676.72,0,0,16.16,0.14531,0,44.31137796,f,0,21.48,21.48,1,63.75,4,ldkssxwpmemidmecebumciepifcamkci,10.392,0
3133a89333b09b9eaf541818eabf5c93,foosdfpfkusacimwkcsosbicdxkicaua,3875,0,0,21-07-2010,21-07-2016,21-07-2010,22-07-2015,577.24,0,0,18.47,0.144902,0,44.31137796,f,0,17.62,17.62,1,53.89,6,lxidpiddsbxsbosboudacockeimpuepw,12.5,0
9d566b80c46439fb4fa5d9c8eaa51f7e,foosdfpfkusacimwkcsosbicdxkicaua,8011,0,911,11-01-2010,09-03-2016,11-01-2010,10-03-2015,800.29,911,0,132.53,0.1169,0.100015,40.606701,f,89.44,37.39,37.39,1,87.02,6,kamkkxfxxuwbdslkwifmmcsiusiuosws,16.5,0
c30e2e4d0abce6b4db1d0280778d04d4,foosdfpfkusacimwkcsosbicdxkicaua,6569,0,1114,24-01-2012,24-01-2017,17-11-2015,25-01-2016,983.37,1114,0,16.78,0.14531,0,44.31137796,f,163.2,26.04,26.04,1,94.42,4,ldkssxwpmemidmecebumciepifcamkci,10.392,0
599a07e92a3980ae637d36cd6111045f,MISSING,1175,0,177,17-02-2010,17-02-2016,17-02-2010,18-02-2015,177.21,177,0,19.34,0.146694,0,44.31137796,f,26.26,26.04,26.04,1,16.97,6,kamkkxfxxuwbdslkwifmmcsiusiuosws,10.392,0
ac9033ee1d6056f4ac827d79bedcc72d,foosdfpfkusacimwkcsosbicdxkicaua,8369,0,936,01-01-2011,01-01-2017,18-11-2015,02-01-2016,1251.18,936,0,15.16,0.144152,0,44.31137796,f,136.14,34.68,34.68,1,121.33,5,lxidpiddsbxsbosboudacockeimpuepw,13.84,0
900937b8062eaec84aa1e5f16cdfe57d,usilxuppasemubllopkaafesmlibmsdf,15295,0,1807,03-03-2012,03-03-2016,03-03-2012,06-03-2015,1313.84,1381,0,130.31,0.120372,0.103487,40.606701,f,140.32,31.32,31.32,1,156.02,4,lxidpiddsbxsbosboudacockeimpuepw,17.321,0
99158224050f70b152be49f14f86686b,usilxuppasemubllopkaafesmlibmsdf,18262,0,1513,18-04-2012,18-04-2016,16-09-2013,21-04-2015,1310.31,1078,0,129.59,0.118646,0.102308,40.606701,f,110.9,32.48,32.48,1,159.02,4,lxidpiddsbxsbosboudacockeimpuepw,20,0
6a4526450ca4ee8a2cd6709b2a627c8d,foosdfpfkusacimwkcsosbicdxkicaua,7921,0,2037,02-07-2009,02-07-2016,02-07-2009,04-07-2015,1179.04,2037,0,0,0.144902,0,44.31137796,f,298.7,18.62,18.62,1,108.67,7,ldkssxwpmemidmecebumciepifcamkci,13.2,0
da81ccd181f3283287a174f4eca547de,foosdfpfkusacimwkcsosbicdxkicaua,52988,24114,9573,30-09-2011,30-09-2016,30-09-2011,01-10-2015,4608.72,5512,0,18.37,0.143166,0,44.31137796,t,797.2,10.84,10.84,2,362.56,4,lxidpiddsbxsbosboudacockeimpuepw,12.5,0
bd265cf7f018d2bea11e0cae69b493f1,foosdfpfkusacimwkcsosbicdxkicaua,1616,0,0,29-09-2009,29-09-2016,29-09-2009,30-09-2015,218.71,0,0,13.87,0.165793,0.088539,44.31137796,f,0,10.03,10.03,1,21.2,6,ldkssxwpmemidmecebumciepifcamkci,10.35,0
2c8177dd04a8d4760c8ae4630d5db435,MISSING,916711,0,66423,01-05-2010,01-05-2016,01-05-2010,02-05-2015,1013.87,0,0,19.47,0.144902,0,44.31137796,f,0,19.2,19.2,1,107.14,6,ldkssxwpmemidmecebumciepifcamkci,10.392,0
3beb7a9262b1e77bdd8520a546e7a579,foosdfpfkusacimwkcsosbicdxkicaua,2274,0,391,29-04-2013,29-04-2016,29-04-2013,30-04-2015,342.23,391,0,0,0.145711,0,44.31137796,f,57.66,30.98,30.98,1,35.18,3,lxidpiddsbxsbosboudacockeimpuepw,15,0
7e6b8140b261e49bd1f6bfa03266355d,foosdfpfkusacimwkcsosbicdxkicaua,5759,0,365,06-11-2009,06-11-2016,04-12-2015,09-11-2015,593.6,0,0,13.57,0.167093,0.088449,45.81137796,f,0,18.99,18.99,1,70.63,6,kamkkxfxxuwbdslkwifmmcsiusiuosws,11.504,0
8a03a1cb07e0c84dc84f9832eae4d23f,lmkebamcaaclubfxadlmueccxoimlema,50538,0,4168,24-02-2010,23-02-2016,12-11-2015,23-06-2015,5445.84,4168,0,132.11,0.112922,0.09781,40.606701,f,422,18.96,18.96,1,447.52,6,ldkssxwpmemidmecebumciepifcamkci,19,0
fdfe279dd0446c30e15ecfab16b9002b,foosdfpfkusacimwkcsosbicdxkicaua,2769,0,0,18-06-2012,18-10-2016,04-12-2013,19-10-2015,417.34,0,0,15.15,0.147506,0,45.80687796,f,0,18.12,18.12,1,52.79,4,lxidpiddsbxsbosboudacockeimpuepw,10.4,0
cf6526ff2524fb9a3663f8fca1bdf6c3,foosdfpfkusacimwkcsosbicdxkicaua,2958,0,0,10-11-2009,10-11-2016,18-09-2015,11-11-2015,445.9,0,0,17.13,0.142881,0,46.30537836,f,0,28.02,28.02,1,26.77,6,ldkssxwpmemidmecebumciepifcamkci,13.856,0
882b924b96a0a422a5930cc87673051e,foosdfpfkusacimwkcsosbicdxkicaua,1366,0,341,07-02-2012,25-02-2016,17-12-2015,26-02-2015,258.84,341,30,18.7,0.186188,0,45.80687796,f,63.83,46.32,46.32,1,17.49,4,lxidpiddsbxsbosboudacockeimpuepw,13.2,0
0b0da18e644bac389ba02ab23e1487ed,foosdfpfkusacimwkcsosbicdxkicaua,5994,0,800,10-09-2011,14-09-2016,10-09-2011,15-09-2015,636.86,800,0,128.89,0.115237,0.100123,40.9390266,f,82.51,25.46,25.46,1,67.31,4,lxidpiddsbxsbosboudacockeimpuepw,17.2,1
88cb009b746ab1b9a55dc5efcd1cc733,foosdfpfkusacimwkcsosbicdxkicaua,10,0,0,02-07-2010,02-07-2016,20-06-2015,04-07-2015,1.09,0,0,130.45,0.114603,0.098261,40.606701,f,0,35.59,35.59,1,0.11,6,lxidpiddsbxsbosboudacockeimpuepw,26.3,0
778ddcb8f3092f5b501e7ae19ce228f3,lmkebamcaaclubfxadlmueccxoimlema,2288838,0,237044,18-05-2010,18-05-2016,18-05-2010,20-05-2015,1263.69,0,0,0,0.145711,0,44.31137796,f,0,21.24,21.24,1,123.56,6,kamkkxfxxuwbdslkwifmmcsiusiuosws,11.5,0
0019baf3ed1242cd99b3cb592030446f,foosdfpfkusacimwkcsosbicdxkicaua,528,0,150,21-01-2013,21-01-2017,21-01-2013,22-01-2016,142.05,150,0,18.37,0.273963,0,59.26637796,f,41.27,197.28,197.28,1,65.99,3,lxidpiddsbxsbosboudacockeimpuepw,13.15,1
616018ccf121480488737b3823361d1a,usilxuppasemubllopkaafesmlibmsdf,4043,14289,357,17-06-2013,17-06-2016,05-07-2013,23-06-2015,416.31,357,0,143.41,0.11691,0.100572,40.606701,t,35.61,29.85,29.85,2,48.81,3,lxidpiddsbxsbosboudacockeimpuepw,16.5,0
c84ec3bd5e20182784b1b971be72c299,lmkebamcaaclubfxadlmueccxoimlema,50243,28066,0,18-04-2011,18-04-2016,18-04-2011,19-04-2015,1429.06,0,0,19.61,0.146694,0,44.31137796,t,0,27.32,27.32,3,141.34,5,kamkkxfxxuwbdslkwifmmcsiusiuosws,13.2,0
d263e956a4b3d8522299e10714087894,foosdfpfkusacimwkcsosbicdxkicaua,13561,277,2741,17-08-2012,17-08-2016,17-08-2012,18-08-2015,1997.35,2741,0,18.07,0.143166,0,44.31137796,t,397.57,11.7,11.7,2,152.17,3,lxidpiddsbxsbosboudacockeimpuepw,11,0
2c75c74a7c0f2651b3ae5ec830c34b8f,foosdfpfkusacimwkcsosbicdxkicaua,1845,0,310,11-11-2009,11-11-2016,19-09-2015,12-11-2015,273.33,310,0,16.26,0.142881,0,46.30537836,f,44.81,28.02,28.02,1,21.61,6,kamkkxfxxuwbdslkwifmmcsiusiuosws,13.856,0
30056ab231d545b01bf64a4afee54001,foosdfpfkusacimwkcsosbicdxkicaua,13379,0,0,30-07-2012,30-07-2016,30-10-2013,31-07-2015,852.32,0,0,18.32,0.145711,0,44.31137796,f,0,17.62,17.62,1,86.03,4,lxidpiddsbxsbosboudacockeimpuepw,12.5,0
f1bc4ec5aa7efda1226655623274648a,MISSING,2123,0,0,17-09-2009,17-09-2016,17-09-2009,18-09-2015,316.47,0,0,16.44,0.144902,0,44.31137796,f,0,12.82,12.82,1,29.17,6,ldkssxwpmemidmecebumciepifcamkci,13.2,0
cfe53ea9433504883086fc113f19bf3d,lmkebamcaaclubfxadlmueccxoimlema,1676,0,131,22-10-2009,25-10-2016,20-09-2015,27-10-2015,26.77,38,0,133.73,0.11536,0.100243,41.2713642,f,3.74,37.44,37.44,1,3.28,6,kamkkxfxxuwbdslkwifmmcsiusiuosws,15.001,1
2377643ffe1711ed3a6f107d6846aa22,MISSING,18725,0,0,26-10-2010,25-10-2016,26-10-2010,28-10-2015,413.38,0,0,14.62,0.147506,0,45.80687796,f,0,26.2,26.2,1,50.78,5,kamkkxfxxuwbdslkwifmmcsiusiuosws,15,0
0d933e7fe322dea60b3a4e9dfbfee9d8,foosdfpfkusacimwkcsosbicdxkicaua,41588,0,5111,03-10-2012,03-10-2016,18-09-2015,04-10-2015,4353.28,5111,0,141.68,0.115939,0.100823,40.606701,f,520.17,5.76,5.76,1,527.27,3,ldkssxwpmemidmecebumciepifcamkci,17.321,0
bf3c67d9664f3459e6e04e607a507e64,foosdfpfkusacimwkcsosbicdxkicaua,23481,7913,0,01-08-2009,01-08-2016,01-08-2009,02-08-2015,2560.4,0,0,16.49,0.164057,0.086803,44.31137796,t,0,14.7,14.7,2,194.14,6,kamkkxfxxuwbdslkwifmmcsiusiuosws,13.856,0
987a0a5e856d2185db60c718da435160,lmkebamcaaclubfxadlmueccxoimlema,535973,147192,65016,13-05-2010,13-05-2016,13-05-2010,18-05-2015,1687.23,1651,0,16.11,0.164637,0.087381,44.31137796,t,180.55,17.22,17.22,2,165.61,6,kamkkxfxxuwbdslkwifmmcsiusiuosws,10.392,0
085b7eec474bd25f8140577833f0a6ac,ewpakwlliwisiwduibdlfmalxowmwpci,76233,0,7612,07-12-2011,07-12-2016,01-11-2015,08-12-2015,3844.96,4676,0,16.27,0.143478,0,44.31137796,f,671.99,2.8,2.8,1,294.93,4,kamkkxfxxuwbdslkwifmmcsiusiuosws,10.392,0
4c14c36a57ab73b4b800fc995d3beb73,foosdfpfkusacimwkcsosbicdxkicaua,35055,0,6003,28-05-2012,28-05-2016,23-04-2014,03-06-2015,5154.28,6003,0,13.83,0.143166,0,44.31137796,f,869.45,21.81,21.81,1,454.73,4,lxidpiddsbxsbosboudacockeimpuepw,13.15,0
373fb825c489645f221952db53e35a60,MISSING,9219,0,2740,04-09-2009,04-09-2016,12-07-2015,05-09-2015,841.26,2740,0,16.86,0.16464,0.087382,44.31137796,f,247.16,10.08,10.08,1,98.01,6,kamkkxfxxuwbdslkwifmmcsiusiuosws,10.392,0
c94671d9f76a07fe541480bc62edb60a,MISSING,4394,0,0,08-04-2011,08-04-2016,08-04-2011,12-04-2015,557.05,0,0,40.69,0.164635,0.086741,44.31137796,t,0,27.32,27.32,3,49.33,5,kamkkxfxxuwbdslkwifmmcsiusiuosws,13.2,0
8dcf72174797ae1837d423396bbb7e98,lmkebamcaaclubfxadlmueccxoimlema,1899670,0,218019,01-07-2010,01-07-2016,01-07-2010,04-07-2015,5249.29,0,0,44.53,0.164637,0.087381,44.31137796,f,0,16.66,16.66,1,453.85,6,kamkkxfxxuwbdslkwifmmcsiusiuosws,13.2,0
b80d271d99d6f7196ef6b591cc99930c,MISSING,8471,0,0,07-12-2009,07-12-2016,17-10-2014,08-12-2015,868.97,0,0,15.98,0.146348,0,45.30837756,f,0,15.12,15.12,1,84.58,6,kamkkxfxxuwbdslkwifmmcsiusiuosws,13.2,0
3c4ee938001975a4d07cf27a54de433c,MISSING,39375,0,3197,22-01-2010,22-01-2017,16-12-2015,24-01-2016,1366.21,944,0,132.5,0.11286,0.095969,40.606701,f,92.4,40.8,40.8,1,141.86,6,kamkkxfxxuwbdslkwifmmcsiusiuosws,20.4,0
054a060473c4f11a08dcdb183f9be82d,lmkebamcaaclubfxadlmueccxoimlema,1679,0,131,03-11-2009,17-03-2016,17-03-2015,18-12-2014,328.61,131,30,17.58,0.19923,0,45.80687796,f,26.37,43.8,43.8,2,18.55,6,lxidpiddsbxsbosboudacockeimpuepw,12.5,0
5e8b2c437090e22ffe168d19c3aa79eb,lmkebamcaaclubfxadlmueccxoimlema,170442,0,29580,03-06-2010,03-06-2016,03-06-2010,21-06-2015,737.23,74,0,9.65,0.145711,0,44.31137796,f,10.89,22.44,22.44,1,83.38,6,kamkkxfxxuwbdslkwifmmcsiusiuosws,13.8,0
6c13700b7435b2547163d04008bf3975,MISSING,2374,0,0,02-12-2009,02-12-2016,02-12-2009,03-12-2015,356.98,0,0,16,0.146348,0,46.30537836,f,0,20.54,20.54,1,34.12,6,kamkkxfxxuwbdslkwifmmcsiusiuosws,10.392,0
f451b7678fe549050ed1df7e41a57f1d,MISSING,9818,0,1477,30-03-2004,30-03-2016,30-03-2004,31-03-2015,966.06,1477,0,131.79,0.115174,0.098837,40.606701,f,141.84,94.2,94.2,1,105.37,12,ldkssxwpmemidmecebumciepifcamkci,37.71,0
839492301e7c2d24c02c89315f307e39,usilxuppasemubllopkaafesmlibmsdf,2206,0,62,20-01-2012,26-08-2016,26-08-2014,27-08-2015,274.3,62,0,14.05,0.161165,0.083909,44.31137796,f,7.51,26.04,26.04,1,30.35,4,lxidpiddsbxsbosboudacockeimpuepw,10.392,1
408e0c75cd8f58197c06edb73428bb0d,foosdfpfkusacimwkcsosbicdxkicaua,3118110,468369,289924,01-02-2012,01-02-2016,01-02-2012,09-02-2015,3269.76,3690,0,39.77,0.118636,0.10175,40.606701,t,353.43,24,24,2,387.56,4,lxidpiddsbxsbosboudacockeimpuepw,16,0
6179f9b2f03fe9aaceb4f82e67d0842a,MISSING,0,0,0,05-05-2011,05-05-2016,05-05-2011,06-05-2015,0,0,0,131.42,0.11691,0.100572,40.606701,f,0,31.26,31.26,1,0,5,ldkssxwpmemidmecebumciepifcamkci,17.25,0
08c71e940a19496b078df652dcaa3e98,MISSING,2002,0,0,06-04-2010,06-04-2016,06-04-2010,08-04-2015,303.09,0,0,16.79,0.146694,0,44.31137796,f,0,21.38,21.38,1,31.06,6,kamkkxfxxuwbdslkwifmmcsiusiuosws,10.35,0
1eb6d6268118c75576a55f49a66b8c57,MISSING,4664,0,0,29-12-2009,29-12-2016,01-11-2015,30-12-2015,696.93,0,0,18.47,0.144038,0,45.81137796,f,0,19.52,19.52,1,57.34,6,lxidpiddsbxsbosboudacockeimpuepw,12.5,0
9c19c00c6d3dc0b8ad7a180c6ca03672,foosdfpfkusacimwkcsosbicdxkicaua,14878,0,0,14-10-2009,14-10-2016,14-10-2009,15-10-2015,932.03,0,0,15.98,0.146348,0,45.80687796,f,0,18.12,18.12,1,88.02,6,kamkkxfxxuwbdslkwifmmcsiusiuosws,10.392,0
cf8c5db0c02e3f92592daccba41c918c,foosdfpfkusacimwkcsosbicdxkicaua,35323,20175,4444,27-04-2012,23-03-2016,20-06-2014,25-03-2015,4651.56,4444,24,142.4,0.148299,0.125137,41.1052014,t,591.62,144.35,144.35,2,606.29,4,lxidpiddsbxsbosboudacockeimpuepw,43.6,0
913bb512f7ca698b02149c9189c7c606,foosdfpfkusacimwkcsosbicdxkicaua,23654,0,0,16-05-2013,16-05-2016,15-04-2014,20-05-2015,2422.65,0,0,130.85,0.11691,0.100572,40.606701,f,0,23.4,23.4,1,322.93,3,lxidpiddsbxsbosboudacockeimpuepw,22,0
6813b5d674d951ff92baf485658f5ce7,lmkebamcaaclubfxadlmueccxoimlema,1563319,0,17616,07-04-2010,07-04-2016,07-04-2010,08-04-2015,975.54,0,0,0,0.146694,0,44.31137796,t,0,27.32,27.32,2,103.34,6,kamkkxfxxuwbdslkwifmmcsiusiuosws,13.2,0
1da8be069526d166b7cfd15284c68873,lmkebamcaaclubfxadlmueccxoimlema,1740024,0,222684,01-05-2010,01-05-2016,01-05-2010,02-05-2015,2705.19,4443,0,16.56,0.161454,0.084198,44.31137796,f,484.44,22.95,22.95,1,258.44,6,kamkkxfxxuwbdslkwifmmcsiusiuosws,13.856,0
c6e395b4ce0f5400b8de1bf1a4d4b571,foosdfpfkusacimwkcsosbicdxkicaua,8570,0,0,10-06-2010,10-06-2016,29-04-2015,14-06-2015,1276.28,0,0,18.71,0.14398,0,44.31137796,f,0,16.92,16.92,1,114.66,6,lxidpiddsbxsbosboudacockeimpuepw,10.392,0
7d887f3330110231b51aad27f2ded024,ewpakwlliwisiwduibdlfmalxowmwpci,4936,0,793,26-01-2011,26-01-2017,26-01-2011,27-01-2016,0.15,0,0,19.54,0.146694,0,44.31137796,f,0,25.92,25.92,1,0.03,5,kamkkxfxxuwbdslkwifmmcsiusiuosws,10.35,0
61b8d915f76bf6ab25dcf097e5384366,usilxuppasemubllopkaafesmlibmsdf,10450,0,1978,09-08-2012,09-08-2016,30-10-2013,10-08-2015,1564.01,1978,0,6.51,0.145711,0,44.31137796,f,291.32,11.7,11.7,1,141.83,3,lxidpiddsbxsbosboudacockeimpuepw,11,0
71437410625520c4e4cc494f113275ee,foosdfpfkusacimwkcsosbicdxkicaua,6060,0,1232,29-07-2009,29-07-2016,29-07-2009,31-07-2015,901.19,1232,0,25.33,0.144902,0,44.31137796,f,180.61,19.04,19.04,1,87,7,lxidpiddsbxsbosboudacockeimpuepw,13.5,0
748d53b07e0be39a7080ebdc1bfb498e,MISSING,4244,3468,0,02-02-2010,02-02-2016,15-12-2015,03-02-2015,641.08,0,0,16.1,0.143227,0,44.31137796,t,0,26.04,26.04,3,66.14,6,kamkkxfxxuwbdslkwifmmcsiusiuosws,10.392,0
22c33086af3c686662c232fe9064cc75,lmkebamcaaclubfxadlmueccxoimlema,834128,0,113655,16-07-2010,16-07-2016,16-07-2010,17-07-2015,1302.75,2053,0,16.09,0.164637,0.087381,44.31137796,f,230.6,16.66,16.66,4,150.39,6,kamkkxfxxuwbdslkwifmmcsiusiuosws,13.2,0
a53fec91b28d8d3cafcec7a054aca44b,lmkebamcaaclubfxadlmueccxoimlema,5869,0,0,06-10-2009,06-10-2016,06-10-2009,11-10-2015,879.95,0,0,16.9,0.144902,0,44.31137796,f,0,9.92,9.92,1,75.75,6,lxidpiddsbxsbosboudacockeimpuepw,13.2,1
d2aa0bfc7a18d37638e212071ac61fc9,foosdfpfkusacimwkcsosbicdxkicaua,144978,0,8312,22-11-2011,22-11-2016,22-11-2011,23-11-2015,4915.5,0,0,1.12,0.145789,0,44.31137796,f,0,6.18,6.18,1,448.37,4,lxidpiddsbxsbosboudacockeimpuepw,13.2,0
b74cbeff25c78e69e3df44cf2a1e7761,MISSING,411050,0,41722,01-02-2010,01-02-2016,01-02-2010,02-02-2015,4717.08,8182,0,38.74,0.164058,0.086163,44.31137796,f,1124.86,29.76,29.76,1,316.06,6,kamkkxfxxuwbdslkwifmmcsiusiuosws,13.2,0
5b1fbf1d729d0df8c8de04e166f3f77b,MISSING,879,0,0,29-06-2010,29-06-2016,29-06-2010,04-07-2015,131.92,0,0,15.56,0.145711,0,44.31137796,f,0,21.52,21.52,1,13.59,6,kamkkxfxxuwbdslkwifmmcsiusiuosws,13.2,0
75bc0c467e34717282cb63779718310e,ewpakwlliwisiwduibdlfmalxowmwpci,273212,0,15417,12-04-2012,12-04-2016,14-04-2015,13-04-2015,3968.2,2739,0,131.39,0.114603,0.098261,40.606701,f,266.17,24.18,24.18,1,486.74,4,ldkssxwpmemidmecebumciepifcamkci,20,0
b0880107ce92c263c48670ba7efd6013,ewpakwlliwisiwduibdlfmalxowmwpci,8955,0,758,25-02-2010,25-02-2016,25-02-2010,26-02-2015,936.97,758,0,129.71,0.120372,0.103487,40.606701,f,78.64,37.92,37.92,1,115.27,6,kamkkxfxxuwbdslkwifmmcsiusiuosws,15.2,0
498216090f098387ebb99e559509509b,foosdfpfkusacimwkcsosbicdxkicaua,217269,0,19767,01-12-2010,08-11-2016,08-11-2013,09-11-2015,4419.85,5511,0,117.89,0.115237,0.100123,40.606701,f,542.02,3.9,3.9,1,573.85,5,lxidpiddsbxsbosboudacockeimpuepw,20.785,0
5c8296dbc2d2599de2594a09f483955d,foosdfpfkusacimwkcsosbicdxkicaua,21712,0,3495,31-08-2012,31-08-2016,16-06-2015,01-09-2015,3163.85,3495,0,16.81,0.141434,0,44.31137796,f,500.85,11.04,11.04,1,256.06,3,lxidpiddsbxsbosboudacockeimpuepw,10.39,0
fe3179a939c0ac1dd48631bb13c73cd9,ewpakwlliwisiwduibdlfmalxowmwpci,7502,0,1004,18-01-2012,17-01-2017,17-11-2015,18-01-2016,1077.55,995,0,19.62,0.141491,0,44.31137796,f,141.68,36.24,36.24,1,122.45,4,ldkssxwpmemidmecebumciepifcamkci,14.49,0
01fbea88102b46f036ff17ebe4d23459,lmkebamcaaclubfxadlmueccxoimlema,15040,4383,0,07-05-2010,16-04-2016,15-04-2015,17-04-2015,1625.53,0,0,116.84,0.117496,0.101155,40.606701,t,0,30.18,30.18,2,204.98,6,MISSING,25,0
21e8ec987c393d5d575da0644fa2ee75,lmkebamcaaclubfxadlmueccxoimlema,489,0,0,26-10-2009,25-10-2016,26-10-2009,28-10-2015,73.34,0,0,16,0.146348,0,46.30537836,f,0,27.44,27.44,1,6.89,6,kamkkxfxxuwbdslkwifmmcsiusiuosws,13.2,0
4f49021572f06e6410d351e4b2d9fc82,usilxuppasemubllopkaafesmlibmsdf,61093,0,19042,30-01-2013,30-01-2016,25-06-2014,09-02-2015,6082.82,19042,0,143.6,0.1169,0.100015,40.606701,f,1900.55,248.64,248.64,1,348.93,3,lxidpiddsbxsbosboudacockeimpuepw,166,0
0e9534a8931bd6e63f12a888d1c43476,MISSING,9,0,0,16-03-2011,16-03-2016,16-03-2011,18-03-2015,1.38,0,0,21.97,0.146694,0,44.31137796,f,0,23.76,23.76,1,0.15,5,ldkssxwpmemidmecebumciepifcamkci,10.392,0
8dc018e7a387c73803e0c7da8fd99b00,foosdfpfkusacimwkcsosbicdxkicaua,15551,0,737,23-11-2012,23-11-2016,24-05-2015,24-11-2015,1340.6,737,0,131.26,0.116509,0.101397,40.606701,f,64.03,8.25,8.25,1,215.75,3,ldkssxwpmemidmecebumciepifcamkci,43.648,0
82af2c5e1d3891740a1a50a35adcae19,foosdfpfkusacimwkcsosbicdxkicaua,27773,0,1758,14-11-2012,14-11-2016,01-11-2015,16-11-2015,2878.99,1758,0,128.55,0.11536,0.100243,40.606701,f,173.43,4.02,4.02,1,319.83,3,lxidpiddsbxsbosboudacockeimpuepw,21.04,0
2bb48f30e85010bb4c47fde40cfe4641,foosdfpfkusacimwkcsosbicdxkicaua,4213,0,0,18-06-2012,18-06-2016,18-06-2012,23-06-2015,523.18,0,0,16.61,0.145711,0,44.31137796,f,0,24.4,24.4,1,55.5,4,lxidpiddsbxsbosboudacockeimpuepw,15,1
9741e25c0b0b84e64ef85f3d9c81fe6c,lmkebamcaaclubfxadlmueccxoimlema,392524,0,41439,05-03-2012,05-03-2016,05-03-2012,06-03-2015,3389.28,8083,0,22.86,0.161743,0.083849,44.31137796,f,827.06,27.14,27.14,1,266.7,4,kamkkxfxxuwbdslkwifmmcsiusiuosws,13.2,0
2dc2ed2f6f850a665167d36502131713,foosdfpfkusacimwkcsosbicdxkicaua,9521,0,1669,12-10-2012,12-11-2016,18-09-2015,13-11-2015,278.47,325,0,15.86,0.141434,0,44.31137796,f,46.54,5.52,5.52,1,20.87,3,lxidpiddsbxsbosboudacockeimpuepw,10.392,0
572f05986cd9ca8a68e7e68fca7c8e1d,usilxuppasemubllopkaafesmlibmsdf,15075,0,0,08-03-2012,08-03-2016,08-03-2012,09-03-2015,1623.64,0,0,117.89,0.120372,0.103487,40.606701,f,0,37.49,37.49,2,216.27,4,lxidpiddsbxsbosboudacockeimpuepw,27.713,0
c0c0561e1ab1679ffec6004b6c450917,foosdfpfkusacimwkcsosbicdxkicaua,22886,0,1831,03-04-2012,03-04-2016,03-04-2012,04-04-2015,833.87,803,0,143.61,0.115174,0.098837,40.606701,f,78.69,47.16,47.16,1,94.62,4,lxidpiddsbxsbosboudacockeimpuepw,23.1,0
693481c3844337eed094d7e3ade9eb99,usilxuppasemubllopkaafesmlibmsdf,21728,3784,0,25-07-2012,25-07-2016,16-06-2015,27-07-2015,2165.84,0,0,143.24,0.11634,0.099998,40.606701,t,0,20.4,20.4,2,264.86,4,lxidpiddsbxsbosboudacockeimpuepw,26.4,0
057c82be7460230517ec0a02ca73a70c,MISSING,7926,7235,0,14-01-2010,16-02-2016,17-12-2015,18-02-2015,1190.56,0,0,18.57,0.14207,0,44.31137796,t,0,26.04,26.04,3,124.71,6,lxidpiddsbxsbosboudacockeimpuepw,10.392,0
fe683d8062ef99d594238099a21fb793,usilxuppasemubllopkaafesmlibmsdf,4530,0,829,05-03-2012,05-03-2016,05-03-2012,06-03-2015,686.76,829,0,18.52,0.146694,0,44.31137796,f,123.18,28.58,28.58,1,72.98,4,lxidpiddsbxsbosboudacockeimpuepw,12.5,1
972bfa90c83db83f39b9ed2a7c53a29d,ewpakwlliwisiwduibdlfmalxowmwpci,2474,0,0,26-03-2013,26-03-2016,26-03-2013,29-03-2015,374.96,0,0,16.25,0.146694,0,44.31137796,f,0,30.22,30.22,1,38.85,3,kamkkxfxxuwbdslkwifmmcsiusiuosws,13.2,0
4a1673610a8325ef50244001b6414299,usilxuppasemubllopkaafesmlibmsdf,7859,0,1333,12-03-2012,19-11-2016,19-11-2015,13-03-2015,1178.98,1333,0,18.32,0.138847,0,44.31137796,f,187.26,6.66,6.66,1,52.94,4,lxidpiddsbxsbosboudacockeimpuepw,12.5,0
8286c591e71aa49555ee4ed9f1f432f6,lmkebamcaaclubfxadlmueccxoimlema,3369,0,0,16-07-2012,16-07-2016,06-08-2013,17-07-2015,358.88,0,0,130.78,0.115174,0.098837,40.606701,f,0,20.43,20.43,1,38.11,4,ldkssxwpmemidmecebumciepifcamkci,15.1,0
32c42511e417cad36f68f6872a21552f,usilxuppasemubllopkaafesmlibmsdf,4656,0,324,29-04-2011,29-04-2016,29-04-2011,30-04-2015,483.07,324,0,134.41,0.11691,0.100572,40.606701,f,33.24,83.72,83.72,1,52.44,5,kamkkxfxxuwbdslkwifmmcsiusiuosws,41.05,0
8d0f37cb25ebffbc65a87a250b15d403,foosdfpfkusacimwkcsosbicdxkicaua,50461,4300,3776,18-08-2012,18-08-2016,17-01-2016,19-08-2015,3907.22,3776,0,14.28,0.143166,0,44.31137796,t,547.82,23.4,23.4,2,370.77,3,lxidpiddsbxsbosboudacockeimpuepw,10.392,1
fdc465370a656ef1f30e92b21aa4457a,foosdfpfkusacimwkcsosbicdxkicaua,19330,0,0,02-01-2013,02-01-2017,02-01-2013,03-01-2016,2864.21,0,0,19.45,0.144142,0,44.31137796,f,0,31.08,31.08,1,270.48,3,ldkssxwpmemidmecebumciepifcamkci,13.8,0
d993d216a46faf79fcb5b2e8e2cdda7a,foosdfpfkusacimwkcsosbicdxkicaua,4503,0,397,03-11-2010,03-11-2016,03-11-2010,04-11-2015,678.86,397,0,13.75,0.147506,0,45.80687796,f,59.31,17.1,17.1,1,68.56,5,lxidpiddsbxsbosboudacockeimpuepw,10.35,0
a8ad17e833878b0d4384e5e0489d7add,ewpakwlliwisiwduibdlfmalxowmwpci,7018,0,0,02-11-2012,02-11-2016,02-11-2012,04-11-2015,792.54,0,0,15.63,0.168242,0.089602,46.30537836,f,0,21.09,21.09,1,78.3,3,ldkssxwpmemidmecebumciepifcamkci,10.392,0
05746b230847fca47f80d52c8ac83c4f,lmkebamcaaclubfxadlmueccxoimlema,46192,0,2604,14-09-2010,14-09-2016,14-09-2010,15-09-2015,4565.98,2604,0,131.82,0.115237,0.100123,40.606701,f,258.12,11.11,11.11,1,529.11,5,kamkkxfxxuwbdslkwifmmcsiusiuosws,23.1,0
b080187d8a482de6aef68c6ce2665498,lmkebamcaaclubfxadlmueccxoimlema,94571,0,3811,03-03-2010,03-03-2016,25-06-2014,09-03-2015,2460.12,1924,0,131.4,0.118636,0.10175,40.606701,t,198.3,31.21,31.21,2,297.97,6,kamkkxfxxuwbdslkwifmmcsiusiuosws,23.1,0
42a405678c4e29d1f066a9e5cbecba79,foosdfpfkusacimwkcsosbicdxkicaua,45278,0,5420,02-09-2011,02-09-2016,02-09-2011,03-09-2015,4709.83,5420,0,129.37,0.11691,0.100572,40.606701,f,554.24,8.84,8.84,1,544.24,4,lxidpiddsbxsbosboudacockeimpuepw,18.41,0
9883653587b6dc04845754e60d89249c,foosdfpfkusacimwkcsosbicdxkicaua,5877,0,455,28-05-2012,28-05-2016,14-04-2015,31-05-2015,864.64,455,0,15.2,0.142822,0,44.31137796,f,65.29,19.2,19.2,1,87.47,4,lxidpiddsbxsbosboudacockeimpuepw,10.392,0
d88625ec4bf860f45b6c67315ef8014d,foosdfpfkusacimwkcsosbicdxkicaua,788113,0,16526,15-06-2012,15-06-2016,15-06-2012,23-06-2015,3064.47,1819,0,127.12,0.11286,0.096521,40.606701,f,185.54,19,19,1,334.5,4,lxidpiddsbxsbosboudacockeimpuepw,20.785,0
7438550478546055e8024152a30a4388,MISSING,7411,43797,71,18-01-2010,18-01-2017,17-11-2015,19-01-2016,1101.74,71,0,13.78,0.143575,0,44.31137796,t,10.29,29.76,29.76,2,183.22,6,kamkkxfxxuwbdslkwifmmcsiusiuosws,13.2,0
00420fc2b6ede48ec7e941c769a6a840,ewpakwlliwisiwduibdlfmalxowmwpci,51661,0,4311,13-07-2012,13-07-2016,05-11-2013,14-07-2015,5063.16,4311,0,145.9,0.113323,0.096984,40.606701,f,409.35,8.28,8.28,1,465.3,4,lxidpiddsbxsbosboudacockeimpuepw,17.32,0
eb55bc7b061e67e3615a78c1df6f2f97,foosdfpfkusacimwkcsosbicdxkicaua,18315,0,1459,07-03-2012,07-03-2016,26-06-2014,09-03-2015,1941.75,1459,0,130.69,0.118636,0.10175,40.606701,f,147.84,54.07,54.07,1,237.79,4,lxidpiddsbxsbosboudacockeimpuepw,40,0
0d70ae3a5e62d6bb95b9ab06255036e3,foosdfpfkusacimwkcsosbicdxkicaua,13685,0,0,16-12-2009,16-12-2016,01-11-2015,17-12-2015,764.95,0,0,18.53,0.144038,0,45.80687796,f,0,16.12,16.12,1,65.07,6,kamkkxfxxuwbdslkwifmmcsiusiuosws,10.35,1
e2ea6671299588892aa65d2900ff7540,foosdfpfkusacimwkcsosbicdxkicaua,5443,54,340,24-02-2011,24-02-2016,24-02-2011,27-02-2015,173.68,137,0,119.53,0.1169,0.100015,40.606701,t,13.07,43.32,43.32,2,19.76,5,lxidpiddsbxsbosboudacockeimpuepw,17.32,0
7012f8d14ab72658f52684575169ba59,usilxuppasemubllopkaafesmlibmsdf,5203,4743,0,09-12-2011,09-12-2016,01-11-2015,10-12-2015,783.8,0,0,6.86,0.14346,0,45.80687796,t,0,20.52,20.52,5,60.62,4,ldkssxwpmemidmecebumciepifcamkci,13.2,0
0b094473e4c7ae4fe6412795d6453559,foosdfpfkusacimwkcsosbicdxkicaua,18795,0,1821,02-06-2010,11-04-2016,11-04-2014,12-04-2015,1852.85,1821,0,146.08,0.11286,0.096521,40.606701,f,175.9,20.8,20.8,1,195.52,6,lxidpiddsbxsbosboudacockeimpuepw,17.2,0
d20a7d6eaa8a7ed6df7d944860eb74b7,MISSING,19108,0,2197,19-12-2009,19-12-2016,01-11-2015,21-12-2015,609.29,0,0,16.94,0.144038,0,45.80687796,f,0,20.22,20.22,1,49.96,6,lxidpiddsbxsbosboudacockeimpuepw,13,0
22d2a2d9168ce246fc18b229276fdcc6,ewpakwlliwisiwduibdlfmalxowmwpci,29061,0,2826,17-07-2010,17-07-2016,17-06-2014,19-07-2015,2985.6,2826,0,131.76,0.11691,0.100572,40.606701,f,284.62,13.3,13.3,1,370.58,6,kamkkxfxxuwbdslkwifmmcsiusiuosws,17.25,0
a83fbaca10dcb8f200840fab73ed5abf,foosdfpfkusacimwkcsosbicdxkicaua,48108,0,0,29-06-2011,28-09-2016,28-09-2015,04-07-2015,1149.33,0,0,16.29,0.138847,0,44.31137796,f,0,13.4,13.4,1,79.1,5,lxidpiddsbxsbosboudacockeimpuepw,13.85,0
0baa454df3a005fa7621b994b0092213,MISSING,21873,0,0,11-04-2011,11-04-2016,11-04-2011,12-04-2015,0,0,0,0,0.164058,0.086163,44.31137796,f,0,31.2,31.2,1,1049.5,5,kamkkxfxxuwbdslkwifmmcsiusiuosws,13.856,0
2b64e5ab22b66acc1d3fbdf7dcd9b62a,foosdfpfkusacimwkcsosbicdxkicaua,4241,0,747,04-10-2012,04-10-2016,27-08-2015,05-10-2015,628.77,747,0,20.11,0.141666,0,44.31137796,f,107.11,9.92,9.92,1,44.74,3,lxidpiddsbxsbosboudacockeimpuepw,13.2,0
26aeb6520ab15fdbfd2aef614c3973a8,foosdfpfkusacimwkcsosbicdxkicaua,67955,0,10911,13-12-2012,13-12-2016,18-11-2015,14-12-2015,4481.83,6065,0,132.78,0.114782,0.099665,40.606701,f,582.99,0.9,0.9,1,539.15,3,ldkssxwpmemidmecebumciepifcamkci,20,0
9dec070a28044ffadbfa902cdaf9e4b1,foosdfpfkusacimwkcsosbicdxkicaua,6207104,41532,558120,07-11-2011,01-08-2016,07-11-2011,02-08-2015,4499.15,4881,0,359.25,0.115174,0.098837,40.606701,t,556.89,40.62,40.62,2,452.72,4,lxidpiddsbxsbosboudacockeimpuepw,65,0
,,,,,,,,,,,,,,,,,,,,,,,,,
,,,,,,,,,,,,,,,,,,,,,,,,,
,,,,,,,,,,,,,,,,,,,,,,,,,
,,,,,,,,,,,,,,,,,,,,,,,,,
,,,,,,,,,,,,,,,,,,,,,,,,,
,,,,,,,,,,,,,,,,,,,,,,,,,
,,,,,,,,,,,,,,,,,,,,,,,,,
,,,,,,,,,,,,,,,,,,,,,,,,,
,,,,,,,,,,,,,,,,,,,,,,,,,
,,,,,,,,,,,,,,,,,,,,,,,,,
,,,,,,,,,,,,,,,,,,,,,,,,,
,,,,,,,,,,,,,,,,,,,,,,,,,
,,,,,,,,,,,,,,,,,,,,,,,,,
,,,,,,,,,,,,,,,,,,,,,,,,,
,,,,,,,,,,,,,,,,,,,,,,,,,
,,,,,,,,,,,,,,,,,,,,,,,,,
,,,,,,,,,,,,,,,,,,,,,,,,,
,,,,,,,,,,,,,,,,,,,,,,,,,
,,,,,,,,,,,,,,,,,,,,,,,,,
,,,,,,,,,,,,,,,,,,,,,,,,,
,,,,,,,,,,,,,,,,,,,,,,,,,
,,,,,,,,,,,,,,,,,,,,,,,,,
,,,,,,,,,,,,,,,,,,,,,,,,,
,,,,,,,,,,,,,,,,,,,,,,,,,
,,,,,,,,,,,,,,,,,,,,,,,,,
,,,,,,,,,,,,,,,,,,,,,,,,,
,,,,,,,,,,,,,,,,,,,,,,,,,
,,,,,,,,,,,,,,,,,,,,,,,,,
,,,,,,,,,,,,,,,,,,,,,,,,,
,,,,,,,,,,,,,,,,,,,,,,,,,
,,,,,,,,,,,,,,,,,,,,,,,,,
,,,,,,,,,,,,,,,,,,,,,,,,,
,,,,,,,,,,,,,,,,,,,,,,,,,
,,,,,,,,,,,,,,,,,,,,,,,,,
,,,,,,,,,,,,,,,,,,,,,,,,,
,,,,,,,,,,,,,,,,,,,,,,,,,
,,,,,,,,,,,,,,,,,,,,,,,,,
,,,,,,,,,,,,,,,,,,,,,,,,,
,,,,,,,,,,,,,,,,,,,,,,,,,
,,,,,,,,,,,,,,,,,,,,,,,,,
,,,,,,,,,,,,,,,,,,,,,,,,,
,,,,,,,,,,,,,,,,,,,,,,,,,
,,,,,,,,,,,,,,,,,,,,,,,,,
,,,,,,,,,,,,,,,,,,,,,,,,,
,,,,,,,,,,,,,,,,,,,,,,,,,
,,,,,,,,,,,,,,,,,,,,,,,,,
,,,,,,,,,,,,,,,,,,,,,,,,,
,,,,,,,,,,,,,,,,,,,,,,,,,
,,,,,,,,,,,,,,,,,,,,,,,,,
,,,,,,,,,,,,,,,,,,,,,,,,,
,,,,,,,,,,,,,,,,,,,,,,,,,
,,,,,,,,,,,,,,,,,,,,,,,,,
,,,,,,,,,,,,,,,,,,,,,,,,,
,,,,,,,,,,,,,,,,,,,,,,,,,
,,,,,,,,,,,,,,,,,,,,,,,,,
,,,,,,,,,,,,,,,,,,,,,,,,,
,,,,,,,,,,,,,,,,,,,,,,,,,
,,,,,,,,,,,,,,,,,,,,,,,,,
,,,,,,,,,,,,,,,,,,,,,,,,,
,,,,,,,,,,,,,,,,,,,,,,,,,
,,,,,,,,,,,,,,,,,,,,,,,,,
,,,,,,,,,,,,,,,,,,,,,,,,,
,,,,,,,,,,,,,,,,,,,,,,,,,
,,,,,,,,,,,,,,,,,,,,,,,,,
,,,,,,,,,,,,,,,,,,,,,,,,,
,,,,,,,,,,,,,,,,,,,,,,,,,
,,,,,,,,,,,,,,,,,,,,,,,,,
,,,,,,,,,,,,,,,,,,,,,,,,,
,,,,,,,,,,,,,,,,,,,,,,,,,
,,,,,,,,,,,,,,,,,,,,,,,,,
,,,,,,,,,,,,,,,,,,,,,,,,,
,,,,,,,,,,,,,,,,,,,,,,,,,
,,,,,,,,,,,,,,,,,,,,,,,,,
,,,,,,,,,,,,,,,,,,,,,,,,,
,,,,,,,,,,,,,,,,,,,,,,,,,
,,,,,,,,,,,,,,,,,,,,,,,,,
,,,,,,,,,,,,,,,,,,,,,,,,,
,,,,,,,,,,,,,,,,,,,,,,,,,
,,,,,,,,,,,,,,,,,,,,,,,,,
,,,,,,,,,,,,,,,,,,,,,,,,,
,,,,,,,,,,,,,,,,,,,,,,,,,
,,,,,,,,,,,,,,,,,,,,,,,,,
,,,,,,,,,,,,,,,,,,,,,,,,,
,,,,,,,,,,,,,,,,,,,,,,,,,
,,,,,,,,,,,,,,,,,,,,,,,,,
,,,,,,,,,,,,,,,,,,,,,,,,,
,,,,,,,,,,,,,,,,,,,,,,,,,
,,,,,,,,,,,,,,,,,,,,,,,,,
,,,,,,,,,,,,,,,,,,,,,,,,,
,,,,,,,,,,,,,,,,,,,,,,,,,
,,,,,,,,,,,,,,,,,,,,,,,,,
,,,,,,,,,,,,,,,,,,,,,,,,,
,,,,,,,,,,,,,,,,,,,,,,,,,
,,,,,,,,,,,,,,,,,,,,,,,,,
,,,,,,,,,,,,,,,,,,,,,,,,,
,,,,,,,,,,,,,,,,,,,,,,,,,
,,,,,,,,,,,,,,,,,,,,,,,,,
,,,,,,,,,,,,,,,,,,,,,,,,,
,,,,,,,,,,,,,,,,,,,,,,,,,
,,,,,,,,,,,,,,,,,,,,,,,,,
,,,,,,,,,,,,,,,,,,,,,,,,,
,,,,,,,,,,,,,,,,,,,,,,,,,
,,,,,,,,,,,,,,,,,,,,,,,,,
,,,,,,,,,,,,,,,,,,,,,,,,,
,,,,,,,,,,,,,,,,,,,,,,,,,
,,,,,,,,,,,,,,,,,,,,,,,,,
,,,,,,,,,,,,,,,,,,,,,,,,,
,,,,,,,,,,,,,,,,,,,,,,,,,
,,,,,,,,,,,,,,,,,,,,,,,,,
,,,,,,,,,,,,,,,,,,,,,,,,,
,,,,,,,,,,,,,,,,,,,,,,,,,
,,,,,,,,,,,,,,,,,,,,,,,,,
,,,,,,,,,,,,,,,,,,,,,,,,,
,,,,,,,,,,,,,,,,,,,,,,,,,
,,,,,,,,,,,,,,,,,,,,,,,,,
,,,,,,,,,,,,,,,,,,,,,,,,,
,,,,,,,,,,,,,,,,,,,,,,,,,
,,,,,,,,,,,,,,,,,,,,,,,,,
,,,,,,,,,,,,,,,,,,,,,,,,,
,,,,,,,,,,,,,,,,,,,,,,,,,
,,,,,,,,,,,,,,,,,,,,,,,,,
,,,,,,,,,,,,,,,,,,,,,,,,,
,,,,,,,,,,,,,,,,,,,,,,,,,
,,,,,,,,,,,,,,,,,,,,,,,,,
,,,,,,,,,,,,,,,,,,,,,,,,,
,,,,,,,,,,,,,,,,,,,,,,,,,
,,,,,,,,,,,,,,,,,,,,,,,,,
,,,,,,,,,,,,,,,,,,,,,,,,,
,,,,,,,,,,,,,,,,,,,,,,,,,
,,,,,,,,,,,,,,,,,,,,,,,,,
,,,,,,,,,,,,,,,,,,,,,,,,,
,,,,,,,,,,,,,,,,,,,,,,,,,
,,,,,,,,,,,,,,,,,,,,,,,,,
,,,,,,,,,,,,,,,,,,,,,,,,,
,,,,,,,,,,,,,,,,,,,,,,,,,
,,,,,,,,,,,,,,,,,,,,,,,,,
,,,,,,,,,,,,,,,,,,,,,,,,,
,,,,,,,,,,,,,,,,,,,,,,,,,
,,,,,,,,,,,,,,,,,,,,,,,,,
,,,,,,,,,,,,,,,,,,,,,,,,,
,,,,,,,,,,,,,,,,,,,,,,,,,
,,,,,,,,,,,,,,,,,,,,,,,,,
,,,,,,,,,,,,,,,,,,,,,,,,,
,,,,,,,,,,,,,,,,,,,,,,,,,
,,,,,,,,,,,,,,,,,,,,,,,,,
,,,,,,,,,,,,,,,,,,,,,,,,,
,,,,,,,,,,,,,,,,,,,,,,,,,
,,,,,,,,,,,,,,,,,,,,,,,,,
,,,,,,,,,,,,,,,,,,,,,,,,,
,,,,,,,,,,,,,,,,,,,,,,,,,
,,,,,,,,,,,,,,,,,,,,,,,,,
,,,,,,,,,,,,,,,,,,,,,,,,,
,,,,,,,,,,,,,,,,,,,,,,,,,
,,,,,,,,,,,,,,,,,,,,,,,,,
,,,,,,,,,,,,,,,,,,,,,,,,,
,,,,,,,,,,,,,,,,,,,,,,,,,
,,,,,,,,,,,,,,,,,,,,,,,,,
,,,,,,,,,,,,,,,,,,,,,,,,,
,,,,,,,,,,,,,,,,,,,,,,,,,
,,,,,,,,,,,,,,,,,,,,,,,,,
,,,,,,,,,,,,,,,,,,,,,,,,,
,,,,,,,,,,,,,,,,,,,,,,,,,
,,,,,,,,,,,,,,,,,,,,,,,,,
,,,,,,,,,,,,,,,,,,,,,,,,,
,,,,,,,,,,,,,,,,,,,,,,,,,
,,,,,,,,,,,,,,,,,,,,,,,,,
,,,,,,,,,,,,,,,,,,,,,,,,,
,,,,,,,,,,,,,,,,,,,,,,,,,
,,,,,,,,,,,,,,,,,,,,,,,,,
,,,,,,,,,,,,,,,,,,,,,,,,,
,,,,,,,,,,,,,,,,,,,,,,,,,
,,,,,,,,,,,,,,,,,,,,,,,,,
,,,,,,,,,,,,,,,,,,,,,,,,,
,,,,,,,,,,,,,,,,,,,,,,,,,
,,,,,,,,,,,,,,,,,,,,,,,,,
,,,,,,,,,,,,,,,,,,,,,,,,,
,,,,,,,,,,,,,,,,,,,,,,,,,
,,,,,,,,,,,,,,,,,,,,,,,,,
,,,,,,,,,,,,,,,,,,,,,,,,,
,,,,,,,,,,,,,,,,,,,,,,,,,
,,,,,,,,,,,,,,,,,,,,,,,,,
,,,,,,,,,,,,,,,,,,,,,,,,,
,,,,,,,,,,,,,,,,,,,,,,,,,
,,,,,,,,,,,,,,,,,,,,,,,,,
,,,,,,,,,,,,,,,,,,,,,,,,,
,,,,,,,,,,,,,,,,,,,,,,,,,
,,,,,,,,,,,,,,,,,,,,,,,,,
,,,,,,,,,,,,,,,,,,,,,,,,,
,,,,,,,,,,,,,,,,,,,,,,,,,
,,,,,,,,,,,,,,,,,,,,,,,,,
,,,,,,,,,,,,,,,,,,,,,,,,,
,,,,,,,,,,,,,,,,,,,,,,,,,
,,,,,,,,,,,,,,,,,,,,,,,,,
,,,,,,,,,,,,,,,,,,,,,,,,,
,,,,,,,,,,,,,,,,,,,,,,,,,
,,,,,,,,,,,,,,,,,,,,,,,,,
,,,,,,,,,,,,,,,,,,,,,,,,,
,,,,,,,,,,,,,,,,,,,,,,,,,
,,,,,,,,,,,,,,,,,,,,,,,,,
,,,,,,,,,,,,,,,,,,,,,,,,,
,,,,,,,,,,,,,,,,,,,,,,,,,
,,,,,,,,,,,,,,,,,,,,,,,,,
,,,,,,,,,,,,,,,,,,,,,,,,,
,,,,,,,,,,,,,,,,,,,,,,,,,
,,,,,,,,,,,,,,,,,,,,,,,,,
,,,,,,,,,,,,,,,,,,,,,,,,,
,,,,,,,,,,,,,,,,,,,,,,,,,
,,,,,,,,,,,,,,,,,,,,,,,,,
,,,,,,,,,,,,,,,,,,,,,,,,,
,,,,,,,,,,,,,,,,,,,,,,,,,
,,,,,,,,,,,,,,,,,,,,,,,,,
,,,,,,,,,,,,,,,,,,,,,,,,,
,,,,,,,,,,,,,,,,,,,,,,,,,
,,,,,,,,,,,,,,,,,,,,,,,,,
,,,,,,,,,,,,,,,,,,,,,,,,,
,,,,,,,,,,,,,,,,,,,,,,,,,
,,,,,,,,,,,,,,,,,,,,,,,,,
,,,,,,,,,,,,,,,,,,,,,,,,,
,,,,,,,,,,,,,,,,,,,,,,,,,
,,,,,,,,,,,,,,,,,,,,,,,,,
,,,,,,,,,,,,,,,,,,,,,,,,,
,,,,,,,,,,,,,,,,,,,,,,,,,
,,,,,,,,,,,,,,,,,,,,,,,,,
,,,,,,,,,,,,,,,,,,,,,,,,,
,,,,,,,,,,,,,,,,,,,,,,,,,
,,,,,,,,,,,,,,,,,,,,,,,,,
,,,,,,,,,,,,,,,,,,,,,,,,,
,,,,,,,,,,,,,,,,,,,,,,,,,
,,,,,,,,,,,,,,,,,,,,,,,,,
,,,,,,,,,,,,,,,,,,,,,,,,,
,,,,,,,,,,,,,,,,,,,,,,,,,
,,,,,,,,,,,,,,,,,,,,,,,,,
,,,,,,,,,,,,,,,,,,,,,,,,,
,,,,,,,,,,,,,,,,,,,,,,,,,
,,,,,,,,,,,,,,,,,,,,,,,,,
,,,,,,,,,,,,,,,,,,,,,,,,,
,,,,,,,,,,,,,,,,,,,,,,,,,
,,,,,,,,,,,,,,,,,,,,,,,,,
,,,,,,,,,,,,,,,,,,,,,,,,,
,,,,,,,,,,,,,,,,,,,,,,,,,
,,,,,,,,,,,,,,,,,,,,,,,,,
,,,,,,,,,,,,,,,,,,,,,,,,,
,,,,,,,,,,,,,,,,,,,,,,,,,
,,,,,,,,,,,,,,,,,,,,,,,,,
,,,,,,,,,,,,,,,,,,,,,,,,,
,,,,,,,,,,,,,,,,,,,,,,,,,
,,,,,,,,,,,,,,,,,,,,,,,,,
,,,,,,,,,,,,,,,,,,,,,,,,,
,,,,,,,,,,,,,,,,,,,,,,,,,
,,,,,,,,,,,,,,,,,,,,,,,,,
,,,,,,,,,,,,,,,,,,,,,,,,,
,,,,,,,,,,,,,,,,,,,,,,,,,
,,,,,,,,,,,,,,,,,,,,,,,,,
,,,,,,,,,,,,,,,,,,,,,,,,,
,,,,,,,,,,,,,,,,,,,,,,,,,
,,,,,,,,,,,,,,,,,,,,,,,,,
,,,,,,,,,,,,,,,,,,,,,,,,,
,,,,,,,,,,,,,,,,,,,,,,,,,
,,,,,,,,,,,,,,,,,,,,,,,,,
,,,,,,,,,,,,,,,,,,,,,,,,,
,,,,,,,,,,,,,,,,,,,,,,,,,
,,,,,,,,,,,,,,,,,,,,,,,,,
,,,,,,,,,,,,,,,,,,,,,,,,,
,,,,,,,,,,,,,,,,,,,,,,,,,
,,,,,,,,,,,,,,,,,,,,,,,,,
,,,,,,,,,,,,,,,,,,,,,,,,,
,,,,,,,,,,,,,,,,,,,,,,,,,
,,,,,,,,,,,,,,,,,,,,,,,,,
,,,,,,,,,,,,,,,,,,,,,,,,,
,,,,,,,,,,,,,,,,,,,,,,,,,
,,,,,,,,,,,,,,,,,,,,,,,,,
,,,,,,,,,,,,,,,,,,,,,,,,,
,,,,,,,,,,,,,,,,,,,,,,,,,
,,,,,,,,,,,,,,,,,,,,,,,,,
,,,,,,,,,,,,,,,,,,,,,,,,,
,,,,,,,,,,,,,,,,,,,,,,,,,
,,,,,,,,,,,,,,,,,,,,,,,,,
,,,,,,,,,,,,,,,,,,,,,,,,,
,,,,,,,,,,,,,,,,,,,,,,,,,
,,,,,,,,,,,,,,,,,,,,,,,,,
,,,,,,,,,,,,,,,,,,,,,,,,,
,,,,,,,,,,,,,,,,,,,,,,,,,
,,,,,,,,,,,,,,,,,,,,,,,,,
,,,,,,,,,,,,,,,,,,,,,,,,,
,,,,,,,,,,,,,,,,,,,,,,,,,
,,,,,,,,,,,,,,,,,,,,,,,,,
,,,,,,,,,,,,,,,,,,,,,,,,,
,,,,,,,,,,,,,,,,,,,,,,,,,
,,,,,,,,,,,,,,,,,,,,,,,,,
,,,,,,,,,,,,,,,,,,,,,,,,,
,,,,,,,,,,,,,,,,,,,,,,,,,
,,,,,,,,,,,,,,,,,,,,,,,,,
,,,,,,,,,,,,,,,,,,,,,,,,,
,,,,,,,,,,,,,,,,,,,,,,,,,
,,,,,,,,,,,,,,,,,,,,,,,,,
,,,,,,,,,,,,,,,,,,,,,,,,,
,,,,,,,,,,,,,,,,,,,,,,,,,
,,,,,,,,,,,,,,,,,,,,,,,,,
,,,,,,,,,,,,,,,,,,,,,,,,,
,,,,,,,,,,,,,,,,,,,,,,,,,
